1,Joao Silva 1,user1@example.com,2026-10-01T08:00:00,2026-10-01T09:00:00,1
2,Maria Santos 2,user2@example.com,2026-10-01T09:00:00,2026-10-01T10:00:00,2
3,Pedro Oliveira 3,user3@example.com,2026-10-01T10:00:00,2026-10-01T11:00:00,3
4,Ana Souza 4,user4@example.com,2026-10-01T11:00:00,2026-10-01T12:00:00,4
5,Carlos Lima 5,user5@example.com,2026-10-01T12:00:00,2026-10-01T13:00:00,5
6,Juliana Costa 6,user6@example.com,2026-10-01T13:00:00,2026-10-01T14:00:00,1
7,Rafael Alves 7,user7@example.com,2026-10-01T14:00:00,2026-10-01T15:00:00,2
8,Camila Rocha 8,user8@example.com,2026-10-01T15:00:00,2026-10-01T16:00:00,3
9,Lucas Martins 9,user9@example.com,2026-10-01T16:00:00,2026-10-01T17:00:00,4
10,Beatriz Ferreira 10,user10@example.com,2026-10-01T17:00:00,2026-10-01T18:00:00,5
11,Joao Silva 11,user11@example.com,2026-10-01T18:00:00,2026-10-01T19:00:00,1
12,Maria Santos 12,user12@example.com,2026-10-01T19:00:00,2026-10-01T20:00:00,2
13,Pedro Oliveira 13,user13@example.com,2026-10-01T20:00:00,2026-10-01T21:00:00,3
14,Ana Souza 14,user14@example.com,2026-10-01T21:00:00,2026-10-01T22:00:00,4
15,Carlos Lima 15,user15@example.com,2026-10-01T22:00:00,2026-10-01T23:00:00,5
16,Juliana Costa 16,user16@example.com,2026-10-01T23:00:00,2026-10-02T00:00:00,1
17,Rafael Alves 17,user17@example.com,2026-10-02T00:00:00,2026-10-02T01:00:00,2
18,Camila Rocha 18,user18@example.com,2026-10-02T01:00:00,2026-10-02T02:00:00,3
19,Lucas Martins 19,user19@example.com,2026-10-02T02:00:00,2026-10-02T03:00:00,4
20,Beatriz Ferreira 20,user20@example.com,2026-10-02T03:00:00,2026-10-02T04:00:00,5
21,Joao Silva 21,user21@example.com,2026-10-02T04:00:00,2026-10-02T05:00:00,1
22,Maria Santos 22,user22@example.com,2026-10-02T05:00:00,2026-10-02T06:00:00,2
23,Pedro Oliveira 23,user23@example.com,2026-10-02T06:00:00,2026-10-02T07:00:00,3
24,Ana Souza 24,user24@example.com,2026-10-02T07:00:00,2026-10-02T08:00:00,4
25,Carlos Lima 25,user25@example.com,2026-10-02T08:00:00,2026-10-02T09:00:00,5
26,Juliana Costa 26,user26@example.com,2026-10-02T09:00:00,2026-10-02T10:00:00,1
27,Rafael Alves 27,user27@example.com,2026-10-02T10:00:00,2026-10-02T11:00:00,2
28,Camila Rocha 28,user28@example.com,2026-10-02T11:00:00,2026-10-02T12:00:00,3
29,Lucas Martins 29,user29@example.com,2026-10-02T12:00:00,2026-10-02T13:00:00,4
30,Beatriz Ferreira 30,user30@example.com,2026-10-02T13:00:00,2026-10-02T14:00:00,5
31,Joao Silva 31,user31@example.com,2026-10-02T14:00:00,2026-10-02T15:00:00,1
32,Maria Santos 32,user32@example.com,2026-10-02T15:00:00,2026-10-02T16:00:00,2
33,Pedro Oliveira 33,user33@example.com,2026-10-02T16:00:00,2026-10-02T17:00:00,3
34,Ana Souza 34,user34@example.com,2026-10-02T17:00:00,2026-10-02T18:00:00,4
35,Carlos Lima 35,user35@example.com,2026-10-02T18:00:00,2026-10-02T19:00:00,5
36,Juliana Costa 36,user36@example.com,2026-10-02T19:00:00,2026-10-02T20:00:00,1
37,Rafael Alves 37,user37@example.com,2026-10-02T20:00:00,2026-10-02T21:00:00,2
38,Camila Rocha 38,user38@example.com,2026-10-02T21:00:00,2026-10-02T22:00:00,3
39,Lucas Martins 39,user39@example.com,2026-10-02T22:00:00,2026-10-02T23:00:00,4
40,Beatriz Ferreira 40,user40@example.com,2026-10-02T23:00:00,2026-10-03T00:00:00,5
41,Joao Silva 41,user41@example.com,2026-10-03T00:00:00,2026-10-03T01:00:00,1
42,Maria Santos 42,user42@example.com,2026-10-03T01:00:00,2026-10-03T02:00:00,2
43,Pedro Oliveira 43,user43@example.com,2026-10-03T02:00:00,2026-10-03T03:00:00,3
44,Ana Souza 44,user44@example.com,2026-10-03T03:00:00,2026-10-03T04:00:00,4
45,Carlos Lima 45,user45@example.com,2026-10-03T04:00:00,2026-10-03T05:00:00,5
46,Juliana Costa 46,user46@example.com,2026-10-03T05:00:00,2026-10-03T06:00:00,1
47,Rafael Alves 47,user47@example.com,2026-10-03T06:00:00,2026-10-03T07:00:00,2
48,Camila Rocha 48,user48@example.com,2026-10-03T07:00:00,2026-10-03T08:00:00,3
49,Lucas Martins 49,user49@example.com,2026-10-03T08:00:00,2026-10-03T09:00:00,4
50,Beatriz Ferreira 50,user50@example.com,2026-10-03T09:00:00,2026-10-03T10:00:00,5
51,Joao Silva 51,user51@example.com,2026-10-03T10:00:00,2026-10-03T11:00:00,1
52,Maria Santos 52,user52@example.com,2026-10-03T11:00:00,2026-10-03T12:00:00,2
53,Pedro Oliveira 53,user53@example.com,2026-10-03T12:00:00,2026-10-03T13:00:00,3
54,Ana Souza 54,user54@example.com,2026-10-03T13:00:00,2026-10-03T14:00:00,4
55,Carlos Lima 55,user55@example.com,2026-10-03T14:00:00,2026-10-03T15:00:00,5
56,Juliana Costa 56,user56@example.com,2026-10-03T15:00:00,2026-10-03T16:00:00,1
57,Rafael Alves 57,user57@example.com,2026-10-03T16:00:00,2026-10-03T17:00:00,2
58,Camila Rocha 58,user58@example.com,2026-10-03T17:00:00,2026-10-03T18:00:00,3
59,Lucas Martins 59,user59@example.com,2026-10-03T18:00:00,2026-10-03T19:00:00,4
60,Beatriz Ferreira 60,user60@example.com,2026-10-03T19:00:00,2026-10-03T20:00:00,5
61,Joao Silva 61,user61@example.com,2026-10-03T20:00:00,2026-10-03T21:00:00,1
62,Maria Santos 62,user62@example.com,2026-10-03T21:00:00,2026-10-03T22:00:00,2
63,Pedro Oliveira 63,user63@example.com,2026-10-03T22:00:00,2026-10-03T23:00:00,3
64,Ana Souza 64,user64@example.com,2026-10-03T23:00:00,2026-10-04T00:00:00,4
65,Carlos Lima 65,user65@example.com,2026-10-04T00:00:00,2026-10-04T01:00:00,5
66,Juliana Costa 66,user66@example.com,2026-10-04T01:00:00,2026-10-04T02:00:00,1
67,Rafael Alves 67,user67@example.com,2026-10-04T02:00:00,2026-10-04T03:00:00,2
68,Camila Rocha 68,user68@example.com,2026-10-04T03:00:00,2026-10-04T04:00:00,3
69,Lucas Martins 69,user69@example.com,2026-10-04T04:00:00,2026-10-04T05:00:00,4
70,Beatriz Ferreira 70,user70@example.com,2026-10-04T05:00:00,2026-10-04T06:00:00,5
71,Joao Silva 71,user71@example.com,2026-10-04T06:00:00,2026-10-04T07:00:00,1
72,Maria Santos 72,user72@example.com,2026-10-04T07:00:00,2026-10-04T08:00:00,2
73,Pedro Oliveira 73,user73@example.com,2026-10-04T08:00:00,2026-10-04T09:00:00,3
74,Ana Souza 74,user74@example.com,2026-10-04T09:00:00,2026-10-04T10:00:00,4
75,Carlos Lima 75,user75@example.com,2026-10-04T10:00:00,2026-10-04T11:00:00,5
76,Juliana Costa 76,user76@example.com,2026-10-04T11:00:00,2026-10-04T12:00:00,1
77,Rafael Alves 77,user77@example.com,2026-10-04T12:00:00,2026-10-04T13:00:00,2
78,Camila Rocha 78,user78@example.com,2026-10-04T13:00:00,2026-10-04T14:00:00,3
79,Lucas Martins 79,user79@example.com,2026-10-04T14:00:00,2026-10-04T15:00:00,4
80,Beatriz Ferreira 80,user80@example.com,2026-10-04T15:00:00,2026-10-04T16:00:00,5
81,Joao Silva 81,user81@example.com,2026-10-04T16:00:00,2026-10-04T17:00:00,1
82,Maria Santos 82,user82@example.com,2026-10-04T17:00:00,2026-10-04T18:00:00,2
83,Pedro Oliveira 83,user83@example.com,2026-10-04T18:00:00,2026-10-04T19:00:00,3
84,Ana Souza 84,user84@example.com,2026-10-04T19:00:00,2026-10-04T20:00:00,4
85,Carlos Lima 85,user85@example.com,2026-10-04T20:00:00,2026-10-04T21:00:00,5
86,Juliana Costa 86,user86@example.com,2026-10-04T21:00:00,2026-10-04T22:00:00,1
87,Rafael Alves 87,user87@example.com,2026-10-04T22:00:00,2026-10-04T23:00:00,2
88,Camila Rocha 88,user88@example.com,2026-10-04T23:00:00,2026-10-05T00:00:00,3
89,Lucas Martins 89,user89@example.com,2026-10-05T00:00:00,2026-10-05T01:00:00,4
90,Beatriz Ferreira 90,user90@example.com,2026-10-05T01:00:00,2026-10-05T02:00:00,5
91,Joao Silva 91,user91@example.com,2026-10-05T02:00:00,2026-10-05T03:00:00,1
92,Maria Santos 92,user92@example.com,2026-10-05T03:00:00,2026-10-05T04:00:00,2
93,Pedro Oliveira 93,user93@example.com,2026-10-05T04:00:00,2026-10-05T05:00:00,3
94,Ana Souza 94,user94@example.com,2026-10-05T05:00:00,2026-10-05T06:00:00,4
95,Carlos Lima 95,user95@example.com,2026-10-05T06:00:00,2026-10-05T07:00:00,5
96,Juliana Costa 96,user96@example.com,2026-10-05T07:00:00,2026-10-05T08:00:00,1
97,Rafael Alves 97,user97@example.com,2026-10-05T08:00:00,2026-10-05T09:00:00,2
98,Camila Rocha 98,user98@example.com,2026-10-05T09:00:00,2026-10-05T10:00:00,3
99,Lucas Martins 99,user99@example.com,2026-10-05T10:00:00,2026-10-05T11:00:00,4
100,Beatriz Ferreira 100,user100@example.com,2026-10-05T11:00:00,2026-10-05T12:00:00,5